"Status","Start Time","Stop Time","Duration in ms","Parent Suite","Suite","Sub Suite","Test Class","Test Method","Name","Description"
"passed","Thu Feb 18 21:24:58 CST 2021","Thu Feb 18 21:24:58 CST 2021","1","","test_calc","TestCalc","","","test_sub[negative]",""
"passed","Thu Feb 18 21:24:58 CST 2021","Thu Feb 18 21:24:58 CST 2021","1","","test_calc","TestCalc","","","test_sub[int]",""
"failed","Thu Feb 18 21:24:58 CST 2021","Thu Feb 18 21:24:58 CST 2021","0","","test_calc","TestCalc","","","test_div[failed]",""
"passed","Thu Feb 18 21:24:58 CST 2021","Thu Feb 18 21:24:58 CST 2021","0","","test_calc","TestCalc","","","test_div[float]",""
"passed","Thu Feb 18 21:24:58 CST 2021","Thu Feb 18 21:24:58 CST 2021","0","","test_calc","TestCalc","","","test_mul[negative]",""
"passed","Thu Feb 18 21:24:58 CST 2021","Thu Feb 18 21:24:58 CST 2021","0","","test_calc","TestCalc","","","test_div[int]",""
"passed","Thu Feb 18 21:24:58 CST 2021","Thu Feb 18 21:24:58 CST 2021","0","","test_calc","TestCalc","","","test_sub[float]",""
"passed","Thu Feb 18 21:24:58 CST 2021","Thu Feb 18 21:24:58 CST 2021","0","","test_calc","TestCalc","","","test_mul[bigint]",""
"passed","Thu Feb 18 21:24:58 CST 2021","Thu Feb 18 21:24:58 CST 2021","0","","test_calc","TestCalc","","","test_add[float]",""
"failed","Thu Feb 18 21:24:58 CST 2021","Thu Feb 18 21:24:58 CST 2021","1","","test_calc","TestCalc","","","test_mul[failed]",""
"passed","Thu Feb 18 21:24:58 CST 2021","Thu Feb 18 21:24:58 CST 2021","1","","test_calc","TestCalc","","","test_add[int]",""
"failed","Thu Feb 18 21:24:58 CST 2021","Thu Feb 18 21:24:58 CST 2021","0","","test_calc","TestCalc","","","test_sub[failed]",""
"passed","Thu Feb 18 21:24:58 CST 2021","Thu Feb 18 21:24:58 CST 2021","0","","test_calc","TestCalc","","","test_mul[float]",""
"passed","Thu Feb 18 21:24:58 CST 2021","Thu Feb 18 21:24:58 CST 2021","0","","test_calc","TestCalc","","","test_sub[bigint]",""
"passed","Thu Feb 18 21:24:58 CST 2021","Thu Feb 18 21:24:58 CST 2021","0","","test_calc","TestCalc","","","test_div[negative]",""
"passed","Thu Feb 18 21:24:58 CST 2021","Thu Feb 18 21:24:58 CST 2021","0","","test_calc","TestCalc","","","test_div[bigint]",""
"passed","Thu Feb 18 21:24:58 CST 2021","Thu Feb 18 21:24:58 CST 2021","0","","test_calc","TestCalc","","","test_add[bigint]",""
"passed","Thu Feb 18 21:24:58 CST 2021","Thu Feb 18 21:24:58 CST 2021","0","","test_calc","TestCalc","","","test_mul[int]",""
"failed","Thu Feb 18 21:24:58 CST 2021","Thu Feb 18 21:24:58 CST 2021","0","","test_calc","TestCalc","","","test_add[failed]",""
"passed","Thu Feb 18 21:24:58 CST 2021","Thu Feb 18 21:24:58 CST 2021","0","","test_calc","TestCalc","","","test_add[negative]",""
